{
        "batch_type": "Bohrium",
        "context_type": "BohriumContext",
        "local_root" : "./",
        "remote_profile":{
          "email": "",
          "password": "",
          "program_id": 123456789,
            "keep_backup":true,
            "input_data":{
              "job_type": "container",
              "log_file": "log",
              "grouped":true,
              "job_name": "StructureSearching",
              "disk_size": 100,
              "scass_type":"c2_m4_cpu",
              "platform": "ali",
              "image_name":"registry.dp.tech/dptech/prod-11461/calypso-need:calypso-need",
              "on_demand":0
            }
        }
}
