{
  "batch_type": "Lebesgue",
  "context_type": "LebesgueContext",
  "local_root": "./",
  "remote_profile": {
    "email": "******",
    "password": "******",
    "program_id": 000000,
    "_keep_backup": true,
    "input_data": {
      "job_name": "CALYPSO-HCNO-vsc",
      "image_name": "******",
      "job_type": "indicate",
      "log_file": "log",
      "grouped": true,
      "disk_size": 200,
      "max_run_time": 40,
      "machine_type": "c16_m64_cpu",
      "platform": "paratera",
      "on_demand": 0,
      "out_files": ["OUTCAR", "CONTCAR", "OSZICAR", "fp.log", "log", "err"]
    }
  }
}
